GISJOIN,YEAR,REGIONA,DIVISIONA,STATE,STATEA,COUNTYA,COUSUBA,PLACEA,AIANHHA,ANRCA,CBSAA,CSAA,METDIVA,NECTAA,CNECTAA,NECTADIVA,UAA,CDCURRA,SDELMA,SDSECA,SDUNIA,PUMA5A,NAME_E,SATE001,SATE002,SATE003,SATE004,SATE005,SATE006,SATE007,SATE008,SATE009,SATE010,SATE011,SATE012,SATE013,SATE014,SATE015,SATE016,SATE017,SATE018,SATE019,SATE020,SATE021,SATE022,SATE023,SATE024,SATE025,SATE026,SATE027,SATE028,SATE029,SATE030,SATE031,SAVE001,SAVE002,SAVE003,SAVE004,SAVE005,SAVE006,SAVE007,SAVE008,SAVE009,SAVE010,SAVE011,SAVE012,SAVE013,SAVE014,SAVE015,SAVE016,SAVE017,SAVE018,SAVE019,SAVE020,SAVE021,SAVE022,SAVE023,SAVE024,SAVE025,SAVE026,SAVE027,SAVE028,SAVE029,SAVE030,SAVE031,SAZE001,SAZE002,SAZE003,SAZE004,SAZE005,SAZE006,SAZE007,SAZE008,SAZE009,SAZE010,SAZE011,SAZE012,SAZE013,SAZE014,SAZE015,SAZE016,SAZE017,SAZE018,SAZE019,SAZE020,SAZE021,SAZE022,SAZE023,SAZE024,SAZE025,SAZE026,SAZE027,SAZE028,SAZE029,SAZE030,SAZE031,SA1E001,SA1E002,SA1E003,SA1E004,SA1E005,SA1E006,SA1E007,SA1E008,SA1E009,SA1E010,SA1E011,SA1E012,SA1E013,SA1E014,SA1E015,SA1E016,SA1E017,SA1E018,SA1E019,SA1E020,SA1E021,SA1E022,SA1E023,SA1E024,SA1E025,SA1E026,SA1E027,SA1E028,SA1E029,SA1E030,SA1E031,NAME_M,SATM001,SATM002,SATM003,SATM004,SATM005,SATM006,SATM007,SATM008,SATM009,SATM010,SATM011,SATM012,SATM013,SATM014,SATM015,SATM016,SATM017,SATM018,SATM019,SATM020,SATM021,SATM022,SATM023,SATM024,SATM025,SATM026,SATM027,SATM028,SATM029,SATM030,SATM031,SAVM001,SAVM002,SAVM003,SAVM004,SAVM005,SAVM006,SAVM007,SAVM008,SAVM009,SAVM010,SAVM011,SAVM012,SAVM013,SAVM014,SAVM015,SAVM016,SAVM017,SAVM018,SAVM019,SAVM020,SAVM021,SAVM022,SAVM023,SAVM024,SAVM025,SAVM026,SAVM027,SAVM028,SAVM029,SAVM030,SAVM031,SAZM001,SAZM002,SAZM003,SAZM004,SAZM005,SAZM006,SAZM007,SAZM008,SAZM009,SAZM010,SAZM011,SAZM012,SAZM013,SAZM014,SAZM015,SAZM016,SAZM017,SAZM018,SAZM019,SAZM020,SAZM021,SAZM022,SAZM023,SAZM024,SAZM025,SAZM026,SAZM027,SAZM028,SAZM029,SAZM030,SAZM031,SA1M001,SA1M002,SA1M003,SA1M004,SA1M005,SA1M006,SA1M007,SA1M008,SA1M009,SA1M010,SA1M011,SA1M012,SA1M013,SA1M014,SA1M015,SA1M016,SA1M017,SA1M018,SA1M019,SA1M020,SA1M021,SA1M022,SA1M023,SA1M024,SA1M025,SA1M026,SA1M027,SA1M028,SA1M029,SA1M030,SA1M031
"G010","2013",,,"Alabama","01",,,,,,,,,,,,,,,,,,"Alabama",3330478,1636606,90238,98826,105777,61786,43328,115323,101647,102085,207884,234831,220923,155370,76636,21952,1693872,89567,93320,98773,59459,42933,107515,99443,99359,209208,236583,232634,176843,104457,43778,1284102,596857,43468,43747,52523,26890,24226,56127,40254,41352,70558,77342,69893,34418,11807,4252,687245,45721,41927,49123,28986,24317,58694,47236,47797,92165,89324,83465,44097,22606,11787,58624,25870,1665,1816,1488,994,1114,1665,2638,2649,4023,4210,2083,824,701,0,32754,1853,2248,2819,1591,1451,2307,1971,2296,5333,4723,2116,3014,671,361,,,,,,,,,,,,,,,,,,,,,,,,,,,,,,,,"Alabama",7452,4826,1750,3760,3907,1421,2561,3289,2833,2145,2105,1648,921,729,1999,1861,4518,1750,4386,4161,1436,2099,2868,1696,1654,2412,1394,769,759,2902,2641,5822,4665,2232,2811,3629,1291,1916,2986,1953,2599,2480,2221,1324,1490,1166,919,4533,2242,2749,3041,1704,1800,2344,1812,1985,2623,1886,1098,1497,1554,1429,3007,1804,616,674,598,635,733,722,791,789,900,768,569,403,456,192,2113,731,826,783,642,593,744,730,604,841,871,648,814,373,449,,,,,,,,,,,,,,,,,,,,,,,,,,,,,,,
"G020","2013",,,"Alaska","02",,,,,,,,,,,,,,,,,,"Alaska",487762,260408,16245,14208,15568,9096,8375,20908,21780,20030,32592,37892,37820,18058,5826,2010,227354,14525,12529,14766,7893,6140,15431,17868,16807,29340,34505,32925,15619,6302,2704,25077,14196,426,892,996,336,711,1917,1360,842,2135,1992,1941,345,301,2,10881,1399,750,1629,618,292,1103,783,376,1202,1848,369,315,184,13,41775,20307,1309,1813,1745,977,515,2140,1828,1463,2106,2916,1887,1134,212,262,21468,1021,1304,1391,1309,386,1438,1501,1782,3489,3233,2737,996,783,98,8794,4223,127,932,379,215,286,52,838,381,361,274,306,55,17,0,4571,605,606,481,294,65,451,566,256,551,604,26,66,0,0,"Alaska",2607,1664,521,1440,1542,792,1212,1321,627,687,481,530,480,610,906,628,1828,651,1431,1482,837,1137,1013,508,299,727,663,415,439,773,724,1949,1299,348,529,650,245,707,792,836,480,739,696,498,251,264,5,1181,680,415,558,437,409,576,555,240,418,562,274,258,210,32,2518,1573,435,829,636,516,322,636,575,597,534,662,335,497,222,318,1608,312,510,574,579,301,617,463,542,493,473,316,414,449,145,1026,742,173,364,311,183,257,62,452,350,290,293,364,95,41,147,622,426,371,309,266,115,324,457,326,339,407,54,113,147,147
"G040","2013",,,"Arizona","04",,,,,,,,,,,,,,,,,,"Arizona",5233466,2602090,161143,167925,174829,102967,68790,180387,170992,169290,325740,334913,317997,250636,134235,42246,2631376,147405,166943,161707,96996,64038,170660,158327,164669,317447,337989,348311,278740,151466,66678,277973,146735,10704,11635,10524,6367,5062,14707,11412,11081,22768,18846,14357,6834,1762,676,131238,9792,10424,9831,6403,5013,10965,9212,10701,18608,16576,13164,6755,2388,1406,191718,90196,6339,5615,5007,3136,2458,8020,8098,8568,16953,10826,7819,4520,2143,694,101522,5603,5720,4447,3559,2492,5658,7819,9394,19175,14621,11419,7002,3558,1055,12609,6668,391,336,382,251,770,1094,481,855,634,871,417,154,0,32,5941,718,972,200,109,261,369,512,752,808,414,379,335,112,0,"Arizona",20452,11044,2638,4968,5708,1952,2046,3124,3067,2359,2795,2638,1834,1629,2849,2757,12736,2491,4887,4913,2212,2135,2993,2487,2568,2961,2748,2252,1500,4005,3806,5853,3795,1392,1722,1322,768,783,1044,1180,1191,1391,920,760,708,451,327,3525,1065,1611,1746,1206,700,1014,924,842,1023,912,612,623,636,525,5359,2929,836,828,1062,583,472,876,872,729,1130,652,472,575,537,410,3431,922,1038,1030,569,491,959,496,908,889,880,537,574,686,446,1319,891,191,226,382,129,499,439,292,386,287,435,170,102,203,54,816,414,338,193,114,401,379,351,485,249,244,195,262,110,203
"G050","2013",,,"Arkansas","05",,,,,,,,,,,,,,,,,,"Arkansas",2305726,1136538,70263,76666,71467,43465,31009,77501,70789,73869,141536,155039,145562,108573,54830,15969,1169188,64546,71639,69553,41174,27585,74420,72375,71523,141902,156648,155252,121121,71476,29974,463928,227656,20365,20198,19333,12450,8370,18972,15896,16527,25369,28930,24315,10784,4567,1580,236272,15086,18309,16364,9757,7639,20227,16218,15806,33612,30800,27843,13483,7046,4082,39210,17690,1435,1200,1297,540,233,2291,2348,2148,2368,1731,1214,562,187,136,21520,1763,1905,1251,921,331,1464,1899,2639,3984,2247,2262,694,90,70,,,,,,,,,,,,,,,,,,,,,,,,,,,,,,,,"Arkansas",6481,4496,1847,3345,2967,1753,2277,2481,1842,1557,1808,1416,836,777,1382,1394,4616,1245,3530,3387,1717,2131,2296,1985,1877,1808,1176,769,475,1974,1816,4170,3625,1684,2344,1840,1266,1111,2078,2206,1586,2178,2159,877,737,772,637,3386,1387,2030,2041,1108,1340,1682,1163,1516,1822,1469,982,930,854,791,2372,1591,600,582,749,333,222,750,623,630,545,588,407,309,194,214,1869,601,721,564,541,238,552,675,800,926,727,754,357,119,122,,,,,,,,,,,,,,,,,,,,,,,,,,,,,,,
"G060","2013",,,"California","06",,,,,,,,,,,,,,,,,,"California",23741019,11875514,715849,752412,758975,471304,323769,889174,868252,844955,1551052,1678506,1464026,914625,456690,185925,11865505,692276,716028,716408,444644,299300,819085,800204,784738,1498465,1633831,1525956,1016782,585608,332180,2269021,1117770,69541,70811,76990,48485,38625,102257,86603,76829,146169,168882,127126,65671,29604,10177,1151251,65809,69948,74183,50570,33138,96486,82130,75323,150804,170724,140121,79929,43381,18705,5210236,2459476,136671,147417,139764,90569,62866,183060,199045,191368,379033,346491,293066,172088,87779,30259,2750760,129324,142452,132885,84591,62787,176716,202978,219771,440890,407467,360416,215111,119820,55552,142782,70917,3692,6485,5203,3218,3271,5205,6426,5442,10615,9229,6566,3827,1441,297,71865,3873,4734,5409,2845,1986,4880,6103,5885,12231,9803,6917,4728,1847,624,"California",60867,35587,7618,12731,12898,5036,4521,9734,9379,6465,7778,7663,5591,3968,5918,5052,31224,9198,11528,11253,5740,4856,8077,7322,6058,7846,6872,6072,4066,8106,7505,12513,7942,2618,4003,3642,1962,2138,3109,2409,2328,2524,2151,2133,1598,1477,1345,7868,2584,4188,4295,1961,1652,2808,2577,2406,2313,2261,2082,1526,2258,2106,17797,10086,2941,4795,4841,2130,2147,3479,2921,2688,2830,2983,2139,1506,2317,1980,10911,3243,3893,4228,2099,1856,2850,3137,2455,2806,2932,2001,1692,3163,3207,5004,3344,988,1573,1203,865,895,1063,1178,1261,1421,1361,826,787,599,222,2930,964,935,977,699,659,876,1031,914,1260,1254,884,985,675,323
"G080","2013",,,"Colorado","08",,,,,,,,,,,,,,,,,,"Colorado",4415852,2218289,134702,136506,147887,79216,61678,157088,165902,163393,306415,309860,286136,170051,77086,22369,2197563,121981,136141,136560,78670,54557,140304,152102,156108,290068,309963,297213,181635,95343,46918,209555,112699,7905,8019,7054,4617,4040,8664,9440,9128,18226,15985,12329,4714,1741,837,96856,5975,6546,7981,5474,2611,8310,7429,7164,11782,13555,10522,5588,2870,1049,150852,68921,4101,5236,5334,2207,2619,4209,6472,5672,12872,9135,5973,3098,1525,468,81931,3826,5196,5698,3476,2646,5470,6489,6899,14153,10759,8926,4301,3363,729,8315,4060,128,550,1086,60,40,398,393,212,759,251,115,68,0,0,4255,317,440,145,113,12,341,537,1320,383,124,467,0,56,0,"Colorado",16310,8895,2979,4845,4375,1630,2074,3552,2651,2012,2714,2733,1547,1211,1733,1664,9550,2752,4600,4388,2305,1827,2691,2452,2140,2631,2487,1288,1357,2963,2564,5662,3655,1062,1294,1333,708,1458,1574,1172,1118,1299,1283,779,511,519,506,3526,1060,1333,1318,803,593,1099,903,867,844,935,668,736,576,362,3675,2206,661,1127,963,404,668,775,872,894,1084,1061,827,703,523,225,2556,832,945,1021,720,733,837,899,907,986,759,595,905,640,349,1623,1199,194,466,678,101,87,272,260,211,450,269,106,89,195,195,979,282,271,146,156,28,251,355,791,231,136,266,195,88,195
"G090","2013",,,"Connecticut","09",,,,,,,,,,,,,,,,,,"Connecticut",2778681,1353292,65721,77374,86265,54801,40413,85783,79126,73905,160293,220493,199565,120915,60641,27997,1425389,60847,71135,81260,51887,39419,80684,76261,75851,168825,231775,209784,136748,82685,58228,370998,178281,13160,14707,12872,8680,6235,17263,13914,12404,24581,24177,16968,8439,4139,742,192717,11829,12786,13267,8015,6190,16365,13263,14016,26236,29578,20413,12389,5898,2472,147570,70789,4173,4890,5195,2555,2303,4634,6895,6579,13040,9649,6449,2852,1287,288,76781,4527,4700,5827,3120,2228,4579,6696,7248,15054,10113,6825,4078,1047,739,,,,,,,,,,,,,,,,,,,,,,,,,,,,,,,,"Connecticut",12024,7482,1321,3692,3641,1117,1001,2248,1692,1545,2327,1728,1114,879,1824,1818,6205,1667,3545,3629,1195,832,1527,1286,1391,2032,1677,1227,897,2742,2665,6001,4193,1444,1914,1820,774,532,1256,1205,1030,1530,1326,688,349,449,379,3533,1223,1737,1437,742,688,1045,1132,869,1241,1184,957,509,715,681,3638,2167,754,699,810,425,785,701,686,573,748,922,564,529,517,329,1959,602,934,848,282,594,696,573,650,650,730,613,697,503,435,,,,,,,,,,,,,,,,,,,,,,,,,,,,,,,
"G100","2013",,,"Delaware","10",,,,,,,,,,,,,,,,,,"Delaware",637606,310286,17262,17027,17252,10468,7833,20642,19623,18464,36553,45854,44705,33014,16235,5354,327320,16076,17024,16602,9763,8240,20695,19788,18385,37389,47653,48122,37442,20401,9740,200249,94155,6906,7488,7517,5338,3079,8623,6094,6336,11921,12997,9732,5322,1774,1028,106094,6952,7068,7053,4641,3757,7944,7143,7402,14453,15746,12473,6836,3368,1258,33639,15731,854,815,1470,119,205,1373,1438,1657,3011,1809,1535,766,679,0,17908,1116,1189,1195,421,190,1693,1416,2044,2751,2662,1779,1202,199,51,,,,,,,,,,,,,,,,,,,,,,,,,,,,,,,,"Delaware",5016,3075,540,1594,1632,358,292,956,1177,570,916,677,500,242,917,884,2490,648,1563,1478,384,362,616,486,513,996,555,366,304,1038,1039,4547,2912,806,1300,1111,592,613,1042,581,682,706,374,420,168,350,350,2614,653,1580,1347,666,591,671,372,566,858,263,369,255,489,479,1165,944,434,419,421,111,137,248,237,85,386,297,468,415,337,189,1036,190,400,350,296,173,723,158,393,263,662,450,274,206,74,,,,,,,,,,,,,,,,,,,,,,,,,,,,,,,
"G110","2013",,,"District of Columbia","11",,,,,,,,,,,,,,,,,,"District of Columbia",264080,132675,7445,4117,2766,1398,3902,11755,21031,19513,22386,14676,11776,7331,3477,1102,131405,6472,4198,2446,1282,4311,14663,23730,18352,19267,11322,11584,8039,3480,2259,315504,142500,10208,9177,8850,5130,4771,12557,9940,9697,17214,20242,18292,9720,4732,1970,173004,10424,10733,7109,5550,5803,14747,12799,11807,20333,22949,22968,13886,9466,4430,22963,9607,399,569,83,125,827,1605,715,1363,2132,838,217,351,280,103,13356,539,145,418,49,365,1527,2271,2335,2776,929,1074,519,318,91,,,,,,,,,,,,,,,,,,,,,,,,,,,,,,,,"District of Columbia",4748,2898,601,702,545,404,1173,1199,700,730,838,712,406,368,636,339,2459,816,546,706,252,1207,1304,599,619,745,570,456,372,572,550,3335,2199,628,1007,1235,401,241,400,642,267,575,317,400,39,448,458,1526,451,975,1082,154,259,483,477,391,493,423,386,354,846,785,1409,858,296,295,77,137,632,762,372,302,441,227,220,311,294,181,1023,248,118,204,78,242,379,486,328,316,265,58,247,253,140,,,,,,,,,,,,,,,,,,,,,,,,,,,,,,,
"G120","2013",,,"Florida","12",,,,,,,,,,,,,,,,,,"Florida",14897782,7315145,362682,376865,407544,254284,169469,466690,456438,436930,898527,1053334,972321,815413,475950,168698,7582637,348225,370369,377290,232660,163136,434684,432343,419100,888075,1073555,1073513,918580,565591,285516,3141552,1511856,121064,113873,127132,75040,55675,140875,116272,106561,189677,192688,150756,79860,32764,9619,1629696,114081,112361,116296,71362,51531,143859,120154,114642,216430,215547,179448,98192,54291,21502,509588,235598,13629,16950,14812,9703,8347,16714,15320,18419,39131,34005,25495,15329,6419,1325,273990,12826,15987,14432,9067,7424,14838,18689,22970,49745,41386,34676,20195,8456,3299,8241,3453,438,98,56,48,276,249,744,215,345,405,243,179,85,72,4788,308,258,41,239,0,667,728,355,1144,501,235,265,17,30,"Florida",23979,14779,4712,9719,8740,2915,2708,4699,4933,3349,6294,4926,2864,2692,5681,5288,14873,3714,7525,7642,3178,3772,4535,3654,3129,4696,4423,3899,2665,7778,7228,17438,9451,3410,4414,4955,2852,2731,3187,3501,3483,4042,3510,2369,1895,1928,1277,11331,3583,5235,5663,2820,2412,2666,2525,2587,3669,3709,2178,2087,2192,2066,6878,4720,1411,1816,1567,1370,1682,1535,1292,1475,2429,1721,1512,1287,1098,569,5012,1574,1702,1794,1433,1409,1663,1123,1424,2214,1723,1542,1396,1244,1024,2264,1337,413,95,96,79,228,239,573,197,353,321,232,171,132,124,1433,316,263,78,286,218,525,474,371,762,389,214,269,28,55
"G130","2013",,,"Georgia","13",,,,,,,,,,,,,,,,,,"Georgia",6035159,2991801,177584,202391,194975,117318,82768,208248,198332,192228,410177,435915,375213,254449,111131,31072,3043358,172558,187646,188765,109758,77798,190167,189058,190369,404523,434716,397886,284835,151470,63809,3095976,1456358,112888,119162,125938,73492,56238,125367,105979,102778,199774,192843,142669,68213,25011,6006,1639618,108568,110776,123658,71537,54853,129854,113876,121807,238308,228159,181638,94849,43750,17985,355900,171381,11384,11626,13610,6467,7123,13743,12699,13845,31834,22588,15093,7399,3657,313,184519,10538,11611,12318,6695,6185,13200,13389,16850,35926,24641,20193,7298,4047,1628,,,,,,,,,,,,,,,,,,,,,,,,,,,,,,,,"Georgia",18488,11637,3607,6732,6272,2598,3204,4140,3825,3411,4334,3024,1986,1386,2459,2308,10412,4196,6237,6733,2669,3410,3651,3159,2413,4139,2990,1878,1304,3344,3217,12306,7716,3363,5468,5681,2963,3504,3869,3726,3549,3930,3727,2084,2179,1882,1062,8603,2956,5599,5019,2775,3117,4298,3309,3168,3851,3675,2271,2284,2277,1733,5458,3756,1218,1142,1603,851,1147,1530,1015,997,1943,1122,1120,889,662,175,3615,1196,1335,1548,782,1554,1444,1464,1390,1861,1349,1385,1003,972,774,,,,,,,,,,,,,,,,,,,,,,,,,,,,,,,
"G150","2013",,,"Hawaii","15",,,,,,,,,,,,,,,,,,"Hawaii",358977,198117,9401,7391,7143,3589,3375,19734,21006,15976,26909,25041,28924,19803,7407,2418,160860,8441,6696,6538,3299,2161,11382,13676,12340,19810,20913,26447,17489,7506,4162,30306,19515,1109,1034,1117,465,751,3076,3113,2225,2886,1668,1075,996,0,0,10791,991,984,735,301,120,1591,1309,866,1740,1132,485,363,174,0,531218,249686,10396,9889,12442,7699,5178,14259,14782,14864,31474,37839,38779,27392,15582,9111,281532,10904,9830,10695,7471,4029,12489,14165,16121,36993,42607,44117,32280,23215,16616,137256,70790,5867,5574,5356,3411,2618,5665,6399,4613,10525,9132,6197,3697,1537,199,66466,5931,4445,6227,2549,2332,6059,4659,4254,8368,8339,5991,4651,2196,465,"Hawaii",4749,2885,982,1039,909,517,495,901,832,669,1137,633,475,360,594,594,2857,1008,1063,948,517,821,1082,819,489,1018,569,428,389,759,670,2164,1554,110,426,367,227,404,630,458,664,252,163,383,411,185,185,1100,350,400,303,214,127,289,510,314,379,516,230,201,253,185,10881,6342,1324,1299,1530,954,667,1456,1199,1228,1515,1498,1330,833,1073,1047,6062,1340,1282,1648,996,799,1382,1277,1228,1531,1532,1196,1049,1370,1312,5756,3472,1099,1144,1075,398,541,807,678,715,972,903,668,514,445,160,2913,833,1088,1310,631,542,1002,715,664,804,891,578,470,457,235
"G160","2013",,,"Idaho","16",,,,,,,,,,,,,,,,,,"Idaho",1475631,739304,53295,53440,57158,32315,18961,53804,45934,48342,90806,93187,91504,61953,29259,9346,736327,47372,53799,52454,28842,20694,48694,46960,47139,87689,94001,94639,64038,35207,14799,,,,,,,,,,,,,,,,,,,,,,,,,,,,,,,,24845,12089,1170,782,650,600,336,1709,748,1225,1496,1510,1009,279,575,0,12756,286,766,681,353,98,806,1068,973,2609,1878,1213,910,732,383,,,,,,,,,,,,,,,,,,,,,,,,,,,,,,,,"Idaho",6127,3808,1770,3436,3666,1176,1245,1936,1486,1311,1370,1237,638,725,1294,1268,4115,1644,3177,3083,1026,1272,1520,1079,1101,1083,1233,789,506,1630,1527,,,,,,,,,,,,,,,,,,,,,,,,,,,,,,,,1855,1336,445,534,387,312,213,631,386,629,513,461,395,239,370,193,1319,301,405,362,260,106,518,520,412,670,655,681,462,383,326,,,,,,,,,,,,,,,,,,,,,,,,,,,,,,,
"G170","2013",,,"Illinois","17",,,,,,,,,,,,,,,,,,"Illinois",9362416,4622009,266912,282045,298670,184704,126084,313849,313480,318161,606571,677947,612543,364451,185519,71073,4740407,255421,266616,282411,175150,116491,301984,305529,309820,591270,684721,636436,412460,252565,149533,1833560,856948,62759,65437,69753,43496,31224,78705,61281,57394,106568,112835,90846,47342,22597,6711,976612,60669,66304,66778,43325,30005,79969,68287,64209,125735,133840,118305,66423,37683,15080,635385,306964,20403,20182,17526,11446,8349,22457,26525,28537,52900,38061,30661,20736,7953,1228,328421,17870,18870,20069,10699,7458,21521,27145,33223,56818,41440,37296,22480,9828,3704,,,,,,,,,,,,,,,,,,,,,,,,,,,,,,,,"Illinois",23316,13569,3402,7278,6993,2168,2741,3629,2582,3044,4512,3396,2550,1443,3195,2935,12780,2932,6446,5371,1964,2158,3065,2267,2792,3438,2899,2298,1773,3769,3697,8800,5920,1967,3680,3523,1318,1537,2152,1838,2199,2384,1686,1256,1049,1325,859,5990,2025,3352,3588,1527,1366,2087,1847,2281,1878,1566,1202,1013,1792,1550,4984,3719,1385,1768,1609,794,987,1266,1057,1095,1483,1003,1017,680,611,403,3489,1322,1748,1638,791,927,1306,1095,1107,1624,1200,999,906,942,686,,,,,,,,,,,,,,,,,,,,,,,,,,,,,,,
"G180","2013",,,"Indiana","18",,,,,,,,,,,,,,,,,,"Indiana",5529595,2724342,166741,181447,180397,109901,75145,199933,168689,173824,347181,391653,362404,221479,106593,38955,2805253,158025,166056,173955,106482,72406,193268,169923,173975,343759,393868,377871,250365,143537,81763,603521,289932,23965,25501,25106,14203,10827,26073,20800,19825,36996,36977,27489,14401,5883,1886,313589,21671,22019,25553,15502,9163,26342,23067,23006,40550,40410,34284,17932,8258,5832,116856,55960,4570,4152,2548,1724,2764,8051,5440,5189,8660,6342,3906,1901,560,153,60896,4046,3856,3712,1655,3579,5764,4905,5996,10096,8368,4863,2215,1584,257,,,,,,,,,,,,,,,,,,,,,,,,,,,,,,,,"Indiana",10040,5507,1942,4617,4927,1575,2219,3191,1667,1733,2077,1468,1207,827,2931,2828,6333,2193,4128,4388,1671,2106,2548,1505,1660,1912,1588,1188,1198,3719,3769,7160,4658,1457,2434,2510,1006,1121,1929,1568,1182,1959,1662,948,1080,594,630,4816,1574,2129,1956,1090,1122,1619,1499,1600,1595,1654,1113,1023,919,911,3681,2225,923,801,794,718,773,830,768,920,1405,1093,647,688,306,256,2716,985,881,802,664,1171,1206,770,821,1075,1105,1053,814,670,289,,,,,,,,,,,,,,,,,,,,,,,,,,,,,,,
"G190","2013",,,"Iowa","19",,,,,,,,,,,,,,,,,,"Iowa",2823908,1392728,85565,91125,88516,55471,39007,100873,85049,90671,165835,194505,191289,115830,63017,25975,1431180,80771,88522,82967,53617,40953,97174,83606,87970,163754,194093,193424,126766,83800,53763,102430,52449,5364,5411,5236,3161,2348,6513,2900,4481,6285,5775,3202,1181,570,22,49981,4174,4741,5458,2848,2422,4703,3563,4274,5983,4887,4381,1008,1190,349,63431,29981,2297,2440,1714,1573,982,2916,4213,2751,5160,3461,1388,640,368,78,33450,2121,2302,1925,1385,821,3453,3320,4348,5280,3733,2923,1082,516,241,,,,,,,,,,,,,,,,,,,,,,,,,,,,,,,,"Iowa",6654,4571,1365,2941,3063,1452,1403,1905,1215,1164,1285,1385,723,619,1732,1704,3934,1020,2707,2467,1925,1733,1807,1110,1100,1612,946,903,588,2476,2521,3161,2192,1184,1111,971,673,533,1137,985,806,1098,842,506,477,331,40,1960,836,1082,1364,733,790,1058,1028,1061,769,706,704,376,496,185,2349,1634,520,653,485,605,386,772,631,531,724,640,450,303,225,57,1776,785,761,578,521,409,681,663,640,969,880,642,395,313,235,,,,,,,,,,,,,,,,,,,,,,,,,,,,,,,
"G200","2013",,,"Kansas","20",,,,,,,,,,,,,,,,,,"Kansas",2476030,1231566,82971,85771,83324,49848,36403,91305,82905,84098,148513,161991,159304,94479,50155,20499,1244464,77807,81328,78159,47211,35442,81669,77984,78743,145849,164534,163954,104492,66914,40378,168246,83839,5984,7394,5965,3957,3761,8440,7114,6495,9756,10857,8762,3123,1772,459,84407,6655,5527,6735,3889,2661,7564,5652,7265,10586,10633,8845,4465,2554,1376,73219,34895,2798,2900,2464,667,1175,4036,3205,3033,6229,3812,2642,1647,207,80,38324,2100,1957,2885,1575,1289,4725,3319,3795,6105,3965,3375,2201,594,439,,,,,,,,,,,,,,,,,,,,,,,,,,,,,,,,"Kansas",7298,4903,1559,3000,3004,1099,2074,2544,1574,1078,1727,1033,908,657,1686,1760,4248,1473,3036,3129,1076,2400,2650,1484,996,1479,992,775,677,2114,2033,4206,2928,833,1241,1040,749,1045,1299,1361,888,1124,831,797,394,338,268,2660,1008,1061,944,569,803,978,647,854,1040,818,711,574,533,539,3039,1948,643,773,497,392,498,979,676,509,715,674,303,404,166,137,1849,549,672,922,518,469,907,623,572,705,409,329,663,307,273,,,,,,,,,,,,,,,,,,,,,,,,,,,,,,,
"G210","2013",,,"Kentucky","21",,,,,,,,,,,,,,,,,,"Kentucky",3854574,1896827,116068,117051,127921,75022,52567,132671,118226,123051,249058,272773,252629,162294,72858,24638,1957747,110445,112577,118824,69311,49295,126975,118267,122432,248277,281199,267558,182159,103620,46808,350164,172575,12230,13955,14903,7668,6202,16906,12926,11936,23218,22160,17026,8983,3271,1191,177589,10473,13992,11672,7041,6819,14444,14016,13339,21466,23712,21451,10166,5942,3056,53187,23840,2134,1732,1646,1239,232,2156,2790,1871,4127,3130,1390,1040,353,0,29347,1514,2737,2996,835,616,2277,2496,2224,5355,2939,2359,1448,1262,289,,,,,,,,,,,,,,,,,,,,,,,,,,,,,,,,"Kentucky",4722,3794,1507,3945,3929,1594,2106,2124,1475,1243,1419,755,817,398,1730,1715,3853,1833,4023,4209,1568,2484,2389,1347,724,1071,675,549,231,2979,3011,6420,4862,1311,1783,2139,1222,1137,1568,1449,1428,1844,1324,1088,840,626,360,4165,1120,1659,1818,1056,1107,1290,1676,1412,1723,1423,1229,943,845,752,2394,1454,620,630,648,308,205,527,741,261,588,668,356,345,196,189,1928,481,920,780,564,395,526,718,748,1017,714,642,485,539,255,,,,,,,,,,,,,,,,,,,,,,,,,,,,,,,
"G220","2013",,,"Louisiana","22",,,,,,,,,,,,,,,,,,"Louisiana",2907296,1437407,84605,88058,88819,54381,36110,101838,101673,102484,183870,202059,192045,122993,58584,19888,1469889,82640,89136,83036,48134,36380,96337,99886,99142,178253,203969,198936,136797,80967,36276,1492915,704902,56375,61740,57913,33124,23450,66753,51811,50539,81633,88085,78701,36221,15270,3287,788013,57260,60027,60084,33763,23443,68768,58687,55092,94869,100581,92744,46811,26649,9235,74227,35141,2410,2370,1678,1104,681,2773,4197,3072,4572,5048,4364,2070,802,0,39086,3019,3016,1963,864,1105,1962,4414,3249,5838,5683,4891,1629,1240,213,,,,,,,,,,,,,,,,,,,,,,,,,,,,,,,,"Louisiana",7112,4765,1448,3714,3699,1513,2412,2815,2145,2230,2495,1949,1151,857,1749,1764,4675,1598,3843,3956,1220,2558,2550,1523,1666,1781,1933,986,725,2578,2307,6267,3967,1966,3773,3745,1664,1786,2918,1862,2164,2282,1869,1341,1445,1328,650,5543,2623,3566,3580,1763,1802,2641,2150,1854,2398,1955,1251,1327,1598,1227,2619,2219,813,711,892,438,484,830,691,712,883,873,795,607,448,203,1951,885,746,670,384,509,684,728,599,1012,1143,769,450,499,230,,,,,,,,,,,,,,,,,,,,,,,,,,,,,,,
"G230","2013",,,"Maine","23",,,,,,,,,,,,,,,,,,"Maine",1260470,614864,29058,32644,36282,23084,15986,37360,35547,34061,73343,97049,96601,62977,30937,9935,645606,29039,31016,34777,21639,15003,35871,35819,35010,76214,101386,102871,67463,40858,18640,13617,8497,689,678,539,772,552,901,601,647,1334,771,772,111,130,0,5120,544,604,552,96,461,513,396,316,890,372,203,173,0,0,14059,5612,233,491,510,38,178,798,412,798,880,798,121,189,0,166,8447,101,479,956,586,113,747,1002,572,1520,729,703,279,423,237,,,,,,,,,,,,,,,,,,,,,,,,,,,,,,,,"Maine",1767,1598,616,2250,2378,415,347,652,307,413,339,581,546,57,1125,1036,1241,610,2341,2296,315,917,939,534,235,373,561,525,174,1484,1443,1258,1101,279,417,326,317,335,523,482,305,508,439,348,120,119,165,781,271,348,358,92,305,314,371,273,307,232,176,191,165,165,1403,897,207,325,445,75,185,450,329,590,445,394,129,244,165,189,1107,176,366,471,358,123,643,562,402,413,348,405,210,345,251,,,,,,,,,,,,,,,,,,,,,,,,,,,,,,,
"G240","2013",,,"Maryland","24",,,,,,,,,,,,,,,,,,"Maryland",3416335,1679452,91386,93536,100833,63530,42636,111785,114881,105404,208867,262306,238437,146529,71130,28192,1736883,84838,93782,93869,59339,41496,103435,113119,106990,206126,271419,246487,164407,94001,57575,1754964,818007,58098,60169,62340,38090,26573,69325,57356,56410,106523,121939,90365,45899,20415,4505,936957,58409,53800,64126,38163,27325,67601,66084,64315,130684,144711,113824,63295,30660,13960,354430,169016,10578,11865,10311,6208,4708,12027,12579,13863,28843,23468,17847,11015,4138,1566,185414,8591,10657,10968,5536,4256,9795,15075,17110,33519,28364,21445,12462,5987,1649,,,,,,,,,,,,,,,,,,,,,,,,,,,,,,,,"Maryland",14007,7801,2245,3088,3430,1210,1616,2368,2368,2064,2783,1876,1247,1117,1942,1948,7102,1738,3631,3412,1170,1198,1786,1879,1537,2041,1773,1314,775,2419,2483,9739,5942,1935,3301,3384,1280,1535,1925,1661,1639,1846,1596,1262,959,1035,831,5826,1754,3077,3004,1087,1424,1607,1531,1150,1863,1220,1320,1087,1619,1412,4723,2879,1063,1210,1046,546,841,1450,887,851,1182,1032,678,1003,693,452,2929,1015,1317,1156,693,662,960,1321,872,856,995,822,581,938,771,,,,,,,,,,,,,,,,,,,,,,,,,,,,,,,
"G250","2013",,,"Massachusetts","25",,,,,,,,,,,,,,,,,,"Massachusetts",5330381,2582870,130048,141656,153438,95610,76621,179691,177536,158340,318239,407196,362793,223038,111739,46925,2747511,123886,133588,144194,92681,77086,176924,178369,164416,327838,424633,390314,257180,157105,99297,474427,228556,17581,15430,18599,11296,9690,22589,17969,15074,32069,30458,21725,10130,5145,801,245871,15315,15290,17771,10551,9271,24329,18878,17218,34340,32971,25293,14243,7750,2651,388317,185654,11490,12713,11501,5803,7989,15080,18131,17874,32163,23138,15777,8607,4169,1219,202663,11389,11781,10130,6406,8473,18813,20170,20634,34844,25955,18000,9518,4573,1977,,,,,,,,,,,,,,,,,,,,,,,,,,,,,,,,"Massachusetts",13584,7119,1727,4460,4331,1257,1168,1970,2349,1667,2516,1871,1482,905,2700,2731,7827,2116,4414,4452,1281,1114,1664,1626,2062,2305,2068,1527,846,3840,3886,8765,5132,1492,1682,1785,1045,1326,1576,1220,1417,1323,1311,1102,1016,877,437,5630,1353,1682,1961,970,1079,1912,1233,1320,1929,1115,967,691,1103,902,4924,2973,1150,1211,1518,543,1008,1397,1053,928,1036,1121,427,534,521,437,2813,903,1242,1167,779,1122,1210,947,1075,1023,865,709,807,920,679,,,,,,,,,,,,,,,,,,,,,,,,,,,,,,,
"G260","2013",,,"Michigan","26",,,,,,,,,,,,,,,,,,"Michigan",7829056,3864119,208570,236034,241018,156398,105983,273770,231320,229658,468648,581692,556104,343897,168376,62651,3964937,197934,220868,232664,147474,101622,262957,223710,227023,463698,586302,579298,376585,222922,121880,1378237,653727,49619,47345,53519,33802,23713,63302,44064,38694,84680,83830,72170,37637,16441,4911,724510,46379,47832,49616,31987,23916,63807,45928,42593,97194,96913,90556,49690,25814,12285,266406,129937,9336,8543,9904,5274,4670,12064,11731,10233,21775,16650,9944,6358,2570,885,136469,7478,10471,9964,6068,4339,11049,10506,11654,25543,16200,12063,7352,3144,638,,,,,,,,,,,,,,,,,,,,,,,,,,,,,,,,"Michigan",7600,5221,1932,5813,5387,1235,1273,1813,1419,1555,2297,1623,1013,818,2801,2666,4855,1632,5557,5424,1426,1720,1948,1216,1852,1792,1513,1130,965,4181,4098,8581,5124,1580,3158,2987,1337,1412,1911,1300,1364,1690,1616,1022,912,1018,857,5269,1607,2960,2571,1273,1410,2216,1178,1074,1519,1541,1066,962,1440,1164,4477,2906,887,1145,1185,760,1018,1188,688,761,1181,909,680,728,584,463,2551,752,1151,1276,874,805,1079,861,678,1215,869,799,684,649,275,,,,,,,,,,,,,,,,,,,,,,,,,,,,,,,
"G270","2013",,,"Minnesota","27",,,,,,,,,,,,,,,,,,"Minnesota",4596087,2278241,133014,139108,143483,86100,59758,143931,148563,158206,281954,344851,319699,186594,97366,35614,2317846,126721,132251,136672,82424,57864,141579,145202,151046,274668,345556,324260,202196,127064,70343,294527,146858,14322,14940,11712,8029,5010,15368,11937,12253,20196,17071,10665,3722,1259,374,147669,14217,14495,15590,7729,4574,12894,12824,12067,20278,15503,10439,4486,2227,346,234013,112906,9384,8863,10788,5561,3441,12262,10752,10864,17166,11955,7070,3300,1228,272,121107,9457,9241,9630,5536,3772,11350,13463,11646,19838,12414,7547,4377,2299,537,,,,,,,,,,,,,,,,,,,,,,,,,,,,,,,,"Minnesota",7360,4761,1230,3642,3780,730,1133,1837,1455,1382,1442,1083,790,366,1797,1806,4065,1104,3830,3460,875,1803,1852,965,1140,1495,903,841,520,2717,2792,6033,4084,1453,1686,1516,962,911,1180,1227,1085,1348,892,567,606,383,230,3748,1230,1655,2360,800,946,1689,892,908,1479,1122,672,310,484,292,3604,2488,770,986,916,533,433,777,772,839,1014,979,609,478,285,190,2020,838,1212,919,594,495,870,911,1006,1063,900,531,475,505,310,,,,,,,,,,,,,,,,,,,,,,,,,,,,,,,
"G280","2013",,,"Mississippi","28",,,,,,,,,,,,,,,,,,"Mississippi",1764640,871488,51928,57831,54122,33737,27748,60474,50410,53612,109993,121277,114959,83589,39712,12096,893152,47633,51568,52863,30833,24412,61650,46472,54668,107257,122121,120941,93095,55342,24297,1128280,529358,41270,47851,44300,29348,23563,43893,38081,34617,66570,61456,59851,24750,10950,2858,598922,45400,44762,44047,23969,21718,49706,39900,41632,83925,73999,67892,35591,19376,7005,28159,14226,1070,883,1098,309,394,1682,2266,1707,1527,1440,717,799,250,84,13933,690,958,1231,357,301,1056,509,1479,2772,1280,2219,799,282,0,,,,,,,,,,,,,,,,,,,,,,,,,,,,,,,,"Mississippi",4613,4288,1714,2946,3165,1431,2729,3274,1837,2170,2122,1755,638,882,1449,1448,3609,1821,2935,3121,1615,2316,2971,1996,2275,2157,1311,592,760,1963,1896,6928,5077,2220,3360,3287,2260,2429,3075,2665,2338,2580,2433,2213,1406,1250,757,5772,2519,2569,2569,1753,2062,2773,2139,2013,2791,2427,1554,1214,1571,1363,2430,1802,561,464,505,182,284,716,776,771,559,639,358,377,226,82,1423,402,549,494,232,223,511,407,634,861,361,613,398,299,208,,,,,,,,,,,,,,,,,,,,,,,,,,,,,,,
"G290","2013",,,"Missouri","29",,,,,,,,,,,,,,,,,,"Missouri",5003971,2463673,148587,152298,160462,96882,62984,172960,162491,164624,299562,352729,328974,214755,108361,38004,2540298,138570,149517,149420,89137,61767,169321,159050,158490,299095,358226,348645,240804,144676,73580,692288,324769,25656,24182,26664,15598,12798,31097,23728,21606,37514,44666,33958,17024,8333,1945,367519,25107,25128,26836,16536,12960,30199,26625,25550,46344,49137,42184,22765,12539,5609,102626,47590,2966,3890,2623,937,1725,6087,4446,4909,8461,4740,3357,2086,1053,310,55036,2746,3636,3709,1352,1673,4778,5346,5639,9193,7079,4946,2859,1725,355,,,,,,,,,,,,,,,,,,,,,,,,,,,,,,,,"Missouri",6656,4340,1674,4666,4932,1501,2495,3003,1708,1874,1608,1459,997,544,2465,2358,4685,1484,4239,4434,1396,2294,2177,1507,1506,1615,1350,1171,719,3598,3556,6755,4115,1501,2834,2501,1179,1413,1767,1429,1574,1337,1776,1219,914,743,486,3980,1534,2058,2249,1202,1079,1185,1472,1435,1177,1643,948,754,974,851,3401,2229,604,792,556,386,551,1184,693,949,1123,709,456,542,376,211,2263,804,934,967,445,525,984,980,929,940,1022,835,685,698,236,,,,,,,,,,,,,,,,,,,,,,,,,,,,,,,
"G300","2013",,,"Montana","30",,,,,,,,,,,,,,,,,,"Montana",904740,453664,24964,26210,26232,16364,13109,31730,27203,29107,52971,61415,69674,45555,22022,7108,451076,24381,27699,22765,16028,12127,29745,26650,26963,50086,62117,69778,44315,24845,13577,,,,,,,,,,,,,,,,,,,,,,,,,,,,,,,,6548,2705,226,35,78,0,336,409,200,389,189,149,447,247,0,0,3843,175,91,345,76,111,470,374,353,452,542,491,248,0,115,,,,,,,,,,,,,,,,,,,,,,,,,,,,,,,,"Montana",2388,2007,692,1852,1724,760,1129,1130,598,961,691,538,407,222,1175,1147,1901,685,1701,1729,833,1305,1335,698,506,594,538,258,175,1198,1182,,,,,,,,,,,,,,,,,,,,,,,,,,,,,,,,961,687,223,68,96,165,309,339,205,306,216,177,292,218,165,165,733,175,95,236,97,90,298,320,237,315,298,354,213,165,153,,,,,,,,,,,,,,,,,,,,,,,,,,,,,,,
"G310","2013",,,"Nebraska","31",,,,,,,,,,,,,,,,,,"Nebraska",1650358,816161,54058,56386,54034,32263,23711,57723,54248,56981,100084,110084,105805,62513,35985,12286,834197,53091,54729,52370,30618,23265,57155,51804,53356,97758,110062,108667,68666,45548,27108,86010,44029,3912,4201,3638,1919,1704,3951,4124,3191,5329,5851,3436,1810,913,50,41981,3812,4503,2945,1704,1882,3588,3315,3234,4544,5017,3726,2314,1031,366,37356,17377,716,1097,1123,672,598,1974,1797,1766,2875,2338,1443,720,228,30,19979,1487,1630,1568,1005,1016,1397,1611,1476,3866,1789,1915,739,353,127,,,,,,,,,,,,,,,,,,,,,,,,,,,,,,,,"Nebraska",5804,3447,1237,2583,2492,852,1525,1555,1396,1191,1276,918,552,313,1222,1139,3351,1107,2684,2597,912,1449,1546,1196,1102,1341,1044,589,600,1819,1683,3180,1939,798,910,803,301,298,1025,905,715,542,569,450,379,212,84,1961,820,1115,799,345,497,825,644,606,601,433,311,320,290,208,1611,899,337,535,447,314,288,462,481,445,572,576,491,383,262,57,1180,390,478,451,369,444,312,316,484,508,388,430,416,219,198,,,,,,,,,,,,,,,,,,,,,,,,,,,,,,,
"G320","2013",,,"Nevada","32",,,,,,,,,,,,,,,,,,"Nevada",1906864,968857,55570,57992,58978,33672,21625,61159,65607,69068,128247,139892,129513,94313,41227,11994,938007,51778,61135,54434,33367,19181,55271,62477,62757,120743,128367,129264,94653,42818,21762,234179,117365,8232,9283,8596,5459,3298,11023,9642,8861,16106,15802,11148,6258,2917,740,116814,7635,8105,8561,4879,3536,8421,9131,8938,16968,15281,12220,8075,3310,1754,215121,98132,5030,5488,5945,3978,2024,7668,8760,7117,14897,14371,10998,7822,3189,845,116989,3919,5885,4462,4146,2424,6664,8979,8096,18828,18721,17022,11659,4486,1698,18302,8088,311,463,686,248,703,780,672,721,865,1326,802,411,75,25,10214,853,1160,522,370,161,715,1286,650,1606,1447,722,599,123,0,"Nevada",16433,9116,1956,3236,3367,1484,1460,2297,1832,1892,2429,1844,1299,920,1485,1485,8738,2700,3343,2885,1736,1342,2213,1666,1717,2360,1835,1555,934,2032,1686,4884,2838,903,1522,1367,489,496,1131,603,745,1080,835,773,204,429,388,2881,963,1219,1115,474,483,999,810,589,808,556,613,273,507,540,4286,2734,804,1022,1129,500,321,818,1116,550,867,550,625,535,486,456,2633,747,1402,929,445,459,792,464,798,836,737,585,569,586,609,1358,994,210,333,331,355,582,498,392,449,416,535,199,138,98,45,1035,461,405,315,246,160,368,417,463,585,521,108,191,198,206
"G330","2013",,,"New Hampshire","33",,,,,,,,,,,,,,,,,,"New Hampshire",1236757,609409,29094,34131,36511,24290,17989,41350,35924,34231,73406,101193,92086,55204,25527,8473,627348,28923,32877,34741,23106,17947,39631,34439,33487,75500,103646,94399,58828,32986,16838,16100,7493,329,719,455,342,651,611,524,284,1911,605,821,206,35,0,8607,166,1102,1114,368,637,804,604,878,787,1153,109,546,307,32,31156,14553,819,1419,830,513,363,1526,1169,1172,2831,2425,877,204,353,52,16603,1312,1206,757,834,396,1365,1743,1134,3503,1767,1451,891,244,0,,,,,,,,,,,,,,,,,,,,,,,,,,,,,,,,"New Hampshire",3396,2077,791,2318,2368,463,756,978,397,580,862,637,392,358,1025,1046,1963,620,1865,1808,384,744,811,435,532,673,449,485,422,1368,1370,2462,1557,343,684,349,232,469,509,458,255,987,337,672,195,63,185,1646,185,624,828,343,426,508,382,725,508,577,113,350,473,68,1791,1244,341,555,487,239,230,651,325,516,674,960,476,149,289,96,1242,482,424,379,379,233,492,567,271,527,475,592,582,208,185,,,,,,,,,,,,,,,,,,,,,,,,,,,,,,,
"G340","2013",,,"New Jersey","34",,,,,,,,,,,,,,,,,,"New Jersey",6068475,2965868,165222,177743,187647,118108,77743,180589,179909,177661,369619,471966,414945,255808,132337,56571,3102607,157359,163210,183965,113647,69000,169533,172400,172456,375987,488674,439062,295937,184838,116539,1215836,569827,39225,38029,47481,27611,20325,49588,39369,38640,78469,82937,59107,32189,13638,3219,646009,41616,42276,41105,26621,17808,49522,43375,43422,90282,96649,72405,46416,24451,10061,801879,390740,26091,26784,25936,15041,7599,21983,31359,34735,71771,54526,40019,24535,8673,1688,411139,25787,25278,25862,13821,6554,23645,32597,38193,76024,58115,45355,25549,10260,4099,,,,,,,,,,,,,,,,,,,,,,,,,,,,,,,,"New Jersey",23885,13123,3282,5097,5611,1932,1820,3114,2895,2518,3768,3089,2206,1491,3022,2805,12884,2983,5186,4920,1640,1621,2801,2313,2674,3269,2603,2719,1416,4202,4063,11667,6633,1763,2896,3224,1264,1397,2057,1884,1515,1901,1700,1182,1201,1207,978,6775,1794,2722,2645,1197,1464,1977,1594,1417,2158,1580,1138,1102,1501,1618,6084,3682,1259,1963,1924,1030,780,1057,1168,1015,1210,891,796,828,873,644,3468,1311,2088,2140,768,728,1217,1231,829,1326,904,935,973,837,925,,,,,,,,,,,,,,,,,,,,,,,,,,,,,,,
"G350","2013",,,"New Mexico","35",,,,,,,,,,,,,,,,,,"New Mexico",1569585,774178,47024,50572,51728,31031,23660,54604,50511,49844,90699,100689,103115,72690,37718,10293,795407,47820,49331,49677,29209,21025,50525,46696,48255,93319,105172,112723,79751,42145,19759,41733,23157,1670,928,1589,696,1543,2888,675,1410,3162,3567,2946,1473,522,88,18576,1014,1569,1564,1151,493,2804,679,1493,2025,2779,1608,667,636,94,28274,12510,423,876,1090,326,553,1381,957,993,2143,1041,1478,1009,74,166,15764,491,1044,1019,501,189,1026,1209,1493,2921,1976,2034,1077,410,374,,,,,,,,,,,,,,,,,,,,,,,,,,,,,,,,"New Mexico",12950,6591,2006,2920,3013,1480,1841,2609,1901,2370,2499,2099,1582,1171,1571,1339,8336,2182,3075,3061,1434,1978,2317,1706,1725,2250,1936,1676,1445,1873,1510,2692,1827,637,375,403,290,644,817,392,717,1054,928,637,516,286,103,1932,573,648,757,525,309,1162,482,567,557,873,397,249,305,114,2559,1706,351,449,660,254,446,593,514,382,518,458,558,165,103,189,1735,281,939,461,374,131,182,474,495,576,544,361,312,259,376,,,,,,,,,,,,,,,,,,,,,,,,,,,,,,,
"G360","2013",,,"New York","36",,,,,,,,,,,,,,,,,,"New York",12695280,6218601,338045,346991,358674,226326,168157,426086,440734,407575,785836,933367,854292,533825,282800,115893,6476679,318282,327913,340869,215585,164958,410631,433148,406422,769382,944681,900875,616074,390201,237658,3079582,1422618,98998,96876,106027,67976,47685,130928,111823,97341,181364,203995,150444,80369,36015,12777,1656964,99489,99016,103732,63047,49399,133673,118607,114547,215368,244333,197469,123118,66981,28185,1554980,744991,45684,41914,42839,25607,20391,61322,65597,63846,113782,104596,86809,44553,22559,5492,809989,41726,40581,43076,25671,20297,62222,74195,72557,132861,116674,94545,49385,25995,10204,9962,5284,275,532,143,210,254,674,710,452,668,839,350,34,143,0,4678,237,336,118,50,44,394,434,231,472,1189,552,197,424,0,"New York",28799,16177,4297,7318,7731,2847,2399,3946,4422,4097,4850,4472,3808,2185,4612,4088,16627,3754,7151,6005,2782,2803,4026,3636,3456,4937,4269,3632,2764,6055,5877,16847,8945,2884,4751,4373,1746,1687,2976,3088,2259,3318,3186,2663,2105,1783,1490,12148,2681,4352,4642,1644,1824,3034,2854,2742,3017,2611,2819,2038,2389,2344,9200,5412,1847,2404,2388,1169,1259,2057,1416,1604,1781,1580,1205,991,1433,1279,5733,1924,2191,2399,1026,1251,2115,1619,1859,1928,1884,1202,1227,1572,1449,3006,1479,256,401,136,204,289,483,471,414,336,554,398,32,163,193,1883,335,315,148,85,74,330,477,183,363,540,453,275,608,193
"G370","2013",,,"North Carolina","37",,,,,,,,,,,,,,,,,,"North Carolina",6811501,3349080,187280,201893,214377,123620,89711,242873,208121,206993,449319,484977,437158,312269,147953,42536,3462421,179661,199900,191135,112900,81554,216732,210774,212158,448039,494940,475317,351340,193682,94289,2121712,997364,70421,84829,72482,48523,39156,88046,67353,67217,128082,131485,110323,60480,22137,6830,1124348,67456,72420,75491,44077,37058,89605,75486,78136,155839,156656,137940,77589,39739,16856,238502,111549,7594,8801,8475,4122,2277,10701,9494,11254,21246,12409,8653,5056,1010,457,126953,8856,10225,9050,4166,4149,7890,10513,12667,22480,16012,11907,5418,2887,733,,,,,,,,,,,,,,,,,,,,,,,,,,,,,,,,"North Carolina",15914,10383,3292,5706,5703,2452,3300,3749,2894,3376,4095,2653,1383,1314,2987,2809,8813,3384,6160,5525,2171,2774,3591,2608,2933,3907,2633,1140,1020,3892,3924,11398,7785,2880,4076,4053,2091,2385,3363,2986,2790,3940,2661,1573,2120,1660,1013,6780,2901,4235,4085,2120,2560,3121,2343,2232,3166,2639,1808,1737,1844,1774,4452,2894,871,1593,1131,838,661,1226,955,1145,1406,1056,813,821,418,318,2885,1022,1367,1187,609,1002,1256,1161,1020,1455,1354,1098,932,694,329,,,,,,,,,,,,,,,,,,,,,,,,,,,,,,,
"G380","2013",,,"North Dakota","38",,,,,,,,,,,,,,,,,,"North Dakota",643478,327662,19990,17752,19876,10395,10287,32721,25219,22439,38861,42190,43689,24501,14352,5390,315816,19888,17532,17621,11065,10290,27261,20500,19448,34226,40904,41930,25210,18289,11652,,,,,,,,,,,,,,,,,,,,,,,,,,,,,,,,9096,4588,48,135,249,152,169,1094,405,1077,349,251,422,193,44,0,4508,281,504,131,18,120,391,291,558,671,828,616,32,43,24,,,,,,,,,,,,,,,,,,,,,,,,,,,,,,,,"North Dakota",1336,1420,680,1363,1447,565,1161,1306,927,393,680,452,166,93,667,667,1573,911,1522,1469,517,1002,1028,660,464,607,280,395,158,1148,1132,,,,,,,,,,,,,,,,,,,,,,,,,,,,,,,,1178,732,59,122,193,178,230,822,426,678,301,253,323,151,70,149,947,161,368,150,38,153,304,220,342,379,388,405,39,68,43,,,,,,,,,,,,,,,,,,,,,,,,,,,,,,,
"G390","2013",,,"Ohio","39",,,,,,,,,,,,,,,,,,"Ohio",9541274,4679827,267729,286729,301509,187009,126412,313160,295803,292196,581392,689103,658728,403064,199423,77570,4861447,249963,271190,289520,179111,120916,305785,289858,290497,583376,702919,691366,456038,277487,153421,1405148,671204,52053,54134,53436,34026,25850,61985,45641,39964,84047,87219,73442,36094,18377,4936,733944,51147,50436,52222,31851,22168,58801,50739,49577,90884,96950,86958,50282,27935,13994,212547,101425,6287,6780,6105,3240,3447,8560,10054,9368,18400,12123,8880,6300,1772,109,111122,6953,8156,7215,3487,4041,8729,9533,9093,18754,15075,10786,6319,2360,621,,,,,,,,,,,,,,,,,,,,,,,,,,,,,,,,"Ohio",8254,5200,2024,6705,6747,1414,1697,2140,1930,1766,2042,1595,1166,1030,3017,3076,5419,1650,7269,7164,1458,2437,2660,1592,1645,1930,1605,963,835,4148,4169,9823,6431,2071,3408,3916,1628,1375,2421,1861,1573,2152,1835,1386,932,1090,804,5967,2364,3316,3110,1378,1306,2077,1792,1581,1897,2052,1829,1372,1548,1366,5049,3336,1238,1253,1234,761,813,1131,1068,841,1198,1053,836,910,498,91,2782,1062,1181,988,712,694,1139,946,966,1367,1134,978,751,683,371,,,,,,,,,,,,,,,,,,,,,,,,,,,,,,,
"G400","2013",,,"Oklahoma","40",,,,,,,,,,,,,,,,,,"Oklahoma",2815708,1392548,84076,90122,85541,50787,35705,100528,94481,94049,173291,190727,183740,124798,65101,19602,1423160,81212,81807,81505,47849,34506,94060,92676,92957,167576,192528,194543,140045,83371,38525,277016,137790,10848,10013,11548,6854,6504,13524,9464,9533,18427,16201,14458,6624,3059,733,139226,9903,10331,10043,5916,4503,13857,10447,9890,17789,17198,15533,8140,3794,1882,71433,33326,3114,2161,2063,1269,1303,3500,3144,2865,5615,3390,2832,1427,538,105,38107,2042,2321,2868,1226,1261,3803,3018,3614,5936,4463,4380,2521,518,136,,,,,,,,,,,,,,,,,,,,,,,,,,,,,,,,"Oklahoma",6474,3955,1224,2512,2741,979,1454,1830,1370,998,1309,1178,745,465,1559,1671,4178,1439,2813,2907,1040,1687,1821,955,967,1373,744,831,449,2409,2352,4245,2654,1007,1254,1322,672,969,1451,997,837,1169,1128,641,587,459,322,3089,1058,1214,1334,741,736,1210,1101,983,1128,1082,771,670,547,431,3415,1940,651,568,614,393,565,839,570,511,603,678,472,256,217,161,2135,242,669,628,699,545,814,467,522,642,770,653,567,279,117,,,,,,,,,,,,,,,,,,,,,,,,,,,,,,,
"G410","2013",,,"Oregon","41",,,,,,,,,,,,,,,,,,"Oregon",3370391,1667875,94335,99348,98470,62423,42070,107588,111852,116131,220682,219735,238036,157696,72157,27352,1702516,88957,94599,92519,55908,38193,107763,107846,113330,212883,227107,253162,170316,89269,50664,72655,39692,2957,3002,2791,1218,1342,3009,3335,2605,5558,6786,4447,1350,931,361,32963,3309,2919,2559,993,1371,2856,2637,2858,3976,3634,2919,1729,593,610,152271,69591,4152,4468,3573,2697,2066,6717,6678,5049,12073,9304,6770,3624,1745,675,82680,3998,4288,4966,3301,1905,5893,6427,7202,14234,13466,8652,5426,2181,741,14038,6710,230,625,1188,294,203,470,558,737,1224,541,354,165,0,121,7328,105,483,604,316,188,1118,594,584,1375,1273,313,365,0,10,"Oregon",10721,6991,2188,4235,4233,1829,2223,2508,2074,1771,2417,1650,1025,735,2254,2232,5687,2393,3618,3915,1668,1538,2026,1567,1546,2199,1837,1024,786,2419,2356,3250,2270,665,1084,851,267,636,632,835,451,932,1030,754,442,401,284,1793,769,829,661,359,759,888,698,577,712,519,523,346,187,299,4385,2638,721,1078,906,755,507,1069,1025,730,1204,703,538,729,497,370,3069,800,918,966,804,655,960,678,892,836,1104,647,638,451,351,1868,1415,301,368,788,162,157,453,491,565,691,298,336,152,200,130,1209,134,177,418,291,262,749,646,572,764,759,211,538,200,22
"G420","2013",,,"Pennsylvania","42",,,,,,,,,,,,,,,,,,"Pennsylvania",10427694,5101917,265333,288456,296433,191195,140803,338890,328113,310110,614167,769160,743590,466230,252327,97110,5325777,252386,272729,283102,179725,141487,328257,315933,303146,611529,784483,775401,526813,350436,200350,1409021,677539,51366,49522,54368,33346,26613,65089,50565,44166,88298,90074,69373,33668,15956,5135,731482,50962,51588,48829,30695,23862,65438,52709,46402,90256,98641,83363,48366,27269,13102,384783,184574,11562,14805,10838,6827,6708,16009,16782,16456,31545,21702,16762,9719,3664,1195,200209,11832,12414,12440,7649,6915,15148,20048,18736,32468,25636,20547,10628,4994,754,,,,,,,,,,,,,,,,,,,,,,,,,,,,,,,,"Pennsylvania",14989,8541,2671,5439,5477,1379,1503,2428,1897,1643,3069,1972,1706,1121,3394,3402,8523,2135,5744,6216,1405,2045,2451,1729,1869,2335,1555,1413,1087,4862,4742,11876,7654,2569,3755,3007,1532,1858,2128,2410,1704,3047,1968,1732,1170,1053,1011,6915,2070,3456,2989,1526,1479,2290,1901,1538,2062,1973,1270,1234,1562,1496,4798,3653,1093,1562,1453,808,856,1146,983,1044,1677,994,921,734,723,443,3164,824,1338,1369,955,951,1260,1082,1101,1116,1366,996,847,672,324,,,,,,,,,,,,,,,,,,,,,,,,,,,,,,,
"G440","2013",,,"Rhode Island","44",,,,,,,,,,,,,,,,,,"Rhode Island",846102,406895,17988,20521,23466,15661,12844,32203,25153,24120,48181,63502,59941,36422,18229,8664,439207,18492,20614,21829,13643,14422,30263,24241,24279,51814,68110,64640,41876,24102,20882,67541,33371,2729,3114,2308,1945,881,3306,3255,2079,4696,4116,3078,1475,179,210,34170,2903,1994,3662,1077,1668,3409,3373,2649,4009,4086,2908,1357,817,258,33240,15453,766,1185,909,261,591,2136,2048,1901,1945,1711,1137,504,330,29,17787,904,876,1302,571,1038,2138,1724,1906,2602,2137,1268,494,534,293,,,,,,,,,,,,,,,,,,,,,,,,,,,,,,,,"Rhode Island",6637,3786,1238,1942,1892,807,651,1204,1009,749,947,943,730,372,1113,1101,3595,951,2336,2163,665,720,963,641,892,1116,976,727,622,1267,1284,5169,3052,1072,789,792,519,401,1151,811,330,1028,585,418,371,156,220,2923,1010,724,762,569,333,808,715,484,682,528,356,197,278,251,2461,1437,368,389,452,201,335,402,298,325,600,605,391,243,294,53,1433,397,451,505,295,472,438,382,435,710,488,249,177,385,248,,,,,,,,,,,,,,,,,,,,,,,,,,,,,,,
"G450","2013",,,"South Carolina","45",,,,,,,,,,,,,,,,,,"South Carolina",3209900,1577365,86918,96582,92090,56789,48249,109270,99253,98801,202202,219729,211066,163699,72329,20388,1632535,85268,92854,87416,53432,42642,101264,98015,99287,200292,226752,232301,178818,93086,41108,1320131,620896,46819,50722,47629,28202,22353,58697,42179,38079,74194,81920,72286,38045,15690,4081,699235,44199,46406,49254,27379,23410,57824,45518,46090,90315,94485,87901,50727,25485,10242,65048,27689,1896,1865,1140,648,787,3165,2944,2732,3557,4914,2367,1128,465,81,37359,2433,2483,1810,1694,1866,3245,2402,2821,5448,5562,3864,2234,1206,291,,,,,,,,,,,,,,,,,,,,,,,,,,,,,,,,"South Carolina",7245,4653,1935,3820,3881,1363,2532,2899,1724,2234,2239,1416,892,696,2220,2208,4688,1988,4365,4251,1767,1987,2048,1379,1856,1961,1121,1147,742,2766,2855,5887,4303,2672,2935,3149,1515,2625,2639,1677,1599,2717,2234,1025,1524,1404,871,4503,2443,2223,2578,1558,2556,2458,1612,1968,2223,1382,750,1097,1425,1264,3121,2045,613,533,566,350,403,886,682,901,865,1094,563,396,304,121,1969,952,810,450,668,607,836,796,926,1082,1009,918,754,524,290,,,,,,,,,,,,,,,,,,,,,,,,,,,,,,,
"G460","2013",,,"South Dakota","46",,,,,,,,,,,,,,,,,,"South Dakota",719112,359922,23609,23604,22297,12687,10476,24700,23842,23708,42836,48018,50910,30147,16635,6453,359190,22015,22609,20053,12857,9342,23728,21882,23021,39643,48356,50117,30872,22339,12356,13001,7987,708,716,860,225,258,1147,981,591,1058,380,833,230,0,0,5014,530,855,614,79,67,648,243,582,771,211,390,0,19,5,9105,3850,248,414,193,48,94,993,561,289,457,175,215,0,163,0,5255,625,958,451,199,19,135,494,386,717,592,473,206,0,0,,,,,,,,,,,,,,,,,,,,,,,,,,,,,,,,"South Dakota",2326,1742,612,1510,1578,764,1070,1163,661,434,742,610,450,89,836,853,1561,473,1414,1448,812,795,866,518,683,589,497,360,129,1276,1306,1955,1230,418,302,363,145,332,881,590,430,657,270,637,286,155,155,1239,335,389,382,124,68,347,178,410,502,193,284,155,40,12,1240,724,142,262,199,86,125,554,397,195,287,170,165,155,217,155,1024,230,849,285,197,42,149,276,265,428,337,271,201,155,155,,,,,,,,,,,,,,,,,,,,,,,,,,,,,,,
"G470","2013",,,"Tennessee","47",,,,,,,,,,,,,,,,,,"Tennessee",5060129,2484036,144124,152344,161049,96345,64715,167205,156232,157164,327878,356102,331512,233172,107125,29069,2576093,134684,147738,146783,88041,61492,166743,155870,158825,327400,366701,355924,256543,146244,63105,1102455,522221,40330,41588,44727,25376,19430,50174,39074,36062,67021,65484,54786,25943,8486,3740,580234,38003,41952,41099,26100,18973,49506,40514,40667,78401,77937,67832,34621,17040,7589,98746,45871,2921,3644,2511,1985,604,3286,4801,4906,7637,5516,5204,1852,873,131,52875,3331,4320,3280,1319,1119,2884,5819,4687,9591,6597,5519,2449,1749,211,,,,,,,,,,,,,,,,,,,,,,,,,,,,,,,,"Tennessee",9986,7020,2571,6251,6094,1804,2595,2935,2544,2173,2093,1484,1346,748,2358,2289,5677,2456,4618,4589,1789,2284,2908,1968,1521,1832,1487,1114,711,2916,2873,6795,4295,1684,3199,3050,1416,1884,2512,1674,1616,1948,2077,1676,1151,930,702,4599,1514,2534,2472,1537,1562,2519,1239,1355,1759,1574,1577,1221,1470,1217,3220,2258,705,773,697,632,389,641,899,1045,1221,904,873,624,498,212,2143,650,1043,674,436,538,507,1068,850,929,870,916,606,823,186,,,,,,,,,,,,,,,,,,,,,,,,,,,,,,,
"G480","2013",,,"Texas","48",,,,,,,,,,,,,,,,,,"Texas",19840367,9881725,713044,747309,737737,432193,285469,725227,705484,709442,1317629,1293214,1104311,684851,326308,99507,9958642,678734,704847,708043,399498,274382,683880,675862,683326,1305488,1301184,1159652,757982,429515,196249,3142866,1523053,112188,120808,125465,75711,51293,138302,113807,113987,212386,201925,152397,70350,28116,6318,1619813,109300,121849,112784,69963,52858,128040,118381,123763,226703,223591,179718,90414,44044,18405,1089907,531490,33501,39708,39635,19890,13457,39894,43697,46096,93144,74130,49862,26493,10282,1701,558417,31911,38683,33928,20096,12350,36566,47281,50393,102240,77276,59013,32158,12274,4248,19892,11063,1251,969,931,423,132,2061,797,770,1323,1301,979,90,36,0,8829,539,991,283,719,0,626,769,1049,1358,951,961,264,319,0,"Texas",43056,23892,6136,12298,11680,5754,5400,7622,6849,6459,7499,6887,4515,3003,4532,4021,25140,7516,12522,12802,4655,5574,6109,5778,5665,7159,7591,4872,3512,5705,5695,13424,8977,3396,4990,5299,2647,2707,3949,3289,2842,3595,3535,2406,1985,1779,1192,9271,3228,5087,5283,2645,3029,3721,3369,3074,3555,3005,2281,2150,2106,1957,10307,6507,1916,2450,2761,1196,1339,1911,1722,1828,2319,2206,1368,1275,898,612,6536,2013,2817,2923,1365,1174,2289,1591,1907,2316,2322,1656,1389,1396,928,2713,1809,795,443,503,344,126,1122,833,448,742,803,533,122,55,213,1592,336,536,242,433,213,370,409,504,592,503,559,285,312,213
"G490","2013",,,"Utah","49",,,,,,,,,,,,,,,,,,"Utah",2534534,1271138,110278,110848,108265,60018,36497,107704,91551,101068,163688,135720,121498,74115,36840,13048,1263396,103524,106631,100191,56328,37318,104495,90159,97832,159494,134554,127318,80283,45288,19981,32754,18347,1771,1812,1950,804,1217,1214,1116,960,3147,2416,1059,374,425,82,14407,1629,1559,1721,1247,819,815,1320,1463,1604,905,749,322,193,61,62671,28989,1890,1772,2031,1306,768,3167,3111,2533,4431,3188,2939,1215,545,93,33682,2172,1920,1566,1006,931,3386,3203,3306,5307,4785,3565,1469,735,331,27513,13643,1703,1097,1848,721,610,1169,964,1803,1386,1232,653,406,51,0,13870,1672,951,1850,650,727,1043,1340,1253,1980,511,1157,605,66,65,"Utah",11587,6357,1619,3323,3510,932,1088,1499,1216,1495,1860,1393,1025,681,1422,1347,6624,1660,4264,4028,1232,1337,1541,1135,1155,1808,1131,814,641,1814,1766,2655,1796,557,720,812,404,590,527,534,536,727,941,485,276,416,163,1545,556,594,705,571,521,377,621,1027,701,546,542,293,170,108,2745,1756,453,724,623,343,352,710,693,321,560,510,456,222,143,104,1724,399,521,520,388,498,787,550,674,451,803,480,509,374,384,1830,1019,329,340,381,221,508,629,556,662,564,533,349,244,86,185,1233,483,388,374,192,257,360,310,592,590,340,366,318,82,87
"G500","2013",,,"Vermont","50",,,,,,,,,,,,,,,,,,"Vermont",595148,293598,14705,17175,15421,10960,9557,22014,17387,16780,34279,44452,45463,28132,11871,5402,301550,13248,15201,15546,10524,9220,20604,16595,16885,34909,46505,47477,29658,17724,7454,7184,4372,483,300,477,141,217,263,89,378,709,697,394,196,0,28,2812,136,350,290,70,85,738,0,316,398,193,111,110,0,15,7640,3464,106,322,275,129,124,650,151,152,427,651,59,304,87,27,4176,63,165,246,160,423,640,192,217,589,535,536,367,43,0,,,,,,,,,,,,,,,,,,,,,,,,,,,,,,,,"Vermont",621,813,368,923,914,385,863,915,418,331,364,290,228,88,710,727,782,299,1179,1202,517,591,756,200,230,254,288,369,54,857,856,983,994,464,191,359,160,142,232,104,248,652,338,215,195,151,65,561,145,297,240,72,95,288,151,306,272,168,99,87,151,27,1131,641,124,312,249,132,123,314,153,180,354,302,74,177,143,45,759,100,132,202,91,215,359,165,228,274,286,353,235,57,151,,,,,,,,,,,,,,,,,,,,,,,,,,,,,,,
"G510","2013",,,"Virginia","51",,,,,,,,,,,,,,,,,,"Virginia",5726886,2840084,164068,168407,169183,103249,81498,200822,198264,195054,377000,418012,372275,243644,112186,36422,2886802,154263,159174,163275,98964,75991,187147,190298,187153,366287,424311,392727,267722,144326,75164,1592426,757868,49293,53752,55564,35077,28186,67657,54164,53645,100931,107915,84102,44853,18313,4416,834558,52433,55011,53411,33343,25612,65905,58722,57723,108129,124587,100488,56215,28654,14325,484497,227704,12942,15578,15923,9330,4794,18643,17715,20406,40280,32904,20709,12516,4828,1136,256793,14180,16868,14349,8638,6844,16598,21608,23288,47480,37233,26742,14010,7461,1494,5808,2656,49,83,347,135,33,145,489,239,243,423,241,94,135,0,3152,76,259,40,0,166,572,553,143,348,576,148,234,0,37,"Virginia",11488,7709,3146,4796,5090,2233,3908,4116,2876,3269,2908,2216,1944,1211,2101,2246,6723,2943,4906,4744,2115,3141,3143,2091,2829,2612,2411,1491,1028,3225,3207,9897,6267,2851,3510,3378,1573,2121,3174,2252,2384,3497,3082,1745,1667,1441,810,7003,2859,3265,3070,1657,2264,2726,2512,3117,2476,2553,2045,1561,1833,1468,6079,3898,1037,1380,1737,1062,789,1607,1404,1343,1552,1692,1406,958,637,443,3605,1133,1729,1509,1038,1208,1462,1515,1510,1544,1021,1237,887,951,535,1398,782,45,71,258,119,57,199,374,257,186,291,196,126,215,198,933,72,160,70,198,159,581,515,135,232,478,171,202,198,62
"G530","2013",,,"Washington","53",,,,,,,,,,,,,,,,,,"Washington",5439705,2717074,158686,162727,159046,99217,63029,189618,190146,192098,353275,387211,375717,237976,110251,38077,2722631,152722,147425,157981,93930,63886,169958,178664,180793,340006,384862,391204,254806,131759,74635,259337,140364,9996,9029,10709,5127,4131,12216,12595,11676,22297,19348,14872,5390,2684,294,118973,8411,9564,9956,4862,3422,10192,10267,9670,17140,14702,11508,5580,2522,1177,536093,246245,14413,16535,15091,9750,6258,21250,19417,21856,41849,32295,25004,14140,6174,2213,289848,14039,15289,17311,10225,6132,19246,22963,25449,50139,40204,34652,19657,9048,5494,42335,20814,1817,1945,1491,1018,689,1476,1791,1700,4496,1975,1505,797,114,0,21521,1808,2588,941,1098,223,2022,2832,1857,2722,2802,1722,709,124,73,"Washington",17362,9882,2590,5228,5080,1901,1575,2654,2391,1969,2719,2186,1508,969,2661,2501,8897,2537,4572,4325,1632,2199,2634,2020,2046,2590,1877,1635,1048,3455,3298,8144,4161,1395,1452,1633,1007,717,1312,1264,1125,1561,1442,991,376,659,266,5489,1368,1787,1944,1226,596,1192,1251,954,1691,909,966,730,697,620,8185,4805,1320,2044,2004,807,817,1593,1189,1228,1412,1691,830,773,793,710,5023,1361,1749,1644,1092,660,1649,1147,1063,1609,1376,978,854,989,998,2971,2107,638,656,623,455,451,410,672,823,1217,728,532,453,160,198,2000,603,467,432,537,209,602,443,550,739,1007,611,485,201,135
"G540","2013",,,"West Virginia","54",,,,,,,,,,,,,,,,,,"West Virginia",1737683,855504,47729,47666,51687,32367,24301,56954,47396,53372,109619,120055,126341,86074,40288,11655,882179,45056,46328,50312,28277,21713,58179,45323,52285,108525,123047,132460,91693,53059,25922,62788,34350,1605,1729,2103,1518,2142,2837,3501,1643,6557,4030,3892,1488,1063,242,28438,1816,1481,2011,877,997,3402,1831,1072,2756,2933,5011,1550,2023,678,10455,4404,399,290,301,96,61,449,764,190,779,327,257,270,221,0,6051,261,27,544,59,211,1354,308,390,692,995,689,324,118,79,,,,,,,,,,,,,,,,,,,,,,,,,,,,,,,,"West Virginia",2487,2313,1256,2776,2787,984,1333,1545,918,1151,951,893,321,550,1337,1284,1949,1203,2427,2509,1031,1574,1853,1008,894,1126,794,468,497,1894,1872,2989,2021,666,573,655,666,718,809,949,431,1249,1078,688,499,413,169,1940,542,591,625,408,650,769,612,382,646,812,959,592,873,358,1525,976,292,277,284,127,85,244,389,205,491,197,178,197,235,190,1054,163,46,355,98,188,621,251,271,328,423,354,220,151,123,,,,,,,,,,,,,,,,,,,,,,,,,,,,,,,
"G550","2013",,,"Wisconsin","55",,,,,,,,,,,,,,,,,,"Wisconsin",4972949,2468705,137492,148974,152795,92873,65690,166246,152657,158948,303599,375517,355265,209772,107009,41868,2504244,129948,140496,145956,89066,63910,161228,146515,153583,293395,376518,356243,224864,141269,81253,357899,177452,15930,16326,17986,9883,5863,17578,13140,13735,20829,19962,16411,6626,2560,623,180447,15223,13827,15811,8982,7062,15065,13860,13301,23184,22365,17778,8499,4503,987,142590,68399,6402,5630,5086,3568,3235,7978,7101,6162,9759,6459,3614,2370,674,361,74191,5602,6036,6472,3044,3301,7641,8243,6849,10937,7859,4341,2457,1040,369,,,,,,,,,,,,,,,,,,,,,,,,,,,,,,,,"Wisconsin",8691,5255,1556,3811,3889,1210,1126,1494,1468,1534,1806,1221,769,503,2298,2331,4815,1388,3627,3702,929,1563,1817,1324,1500,1470,1155,782,597,3309,3229,4965,3369,1295,1590,1525,1075,780,1229,963,1280,1603,1099,975,638,428,315,2989,861,1810,1785,736,1005,1200,1138,899,1080,1138,741,605,571,454,3212,2419,987,688,870,834,640,778,948,737,1089,944,559,692,332,228,2517,706,909,1013,577,851,1043,952,742,1238,1043,830,593,390,216,,,,,,,,,,,,,,,,,,,,,,,,,,,,,,,
"G560","2013",,,"Wyoming","56",,,,,,,,,,,,,,,,,,"Wyoming",528303,269232,17284,19098,16251,9184,5903,22273,18244,18846,33132,34785,38611,22653,9709,3259,259071,15661,16649,16420,9728,6571,17470,17611,17959,30430,33669,37668,21799,10532,6904,,,,,,,,,,,,,,,,,,,,,,,,,,,,,,,,,,,,,,,,,,,,,,,,,,,,,,,,,,,,,,,,,,,,,,,,,,,,,,,,,,,,,,,,,,,,,,"Wyoming",4118,3016,775,1579,1496,944,1059,1448,949,902,794,1002,533,823,674,690,2454,757,1524,1418,790,1265,1229,524,665,713,777,434,559,1092,1107,,,,,,,,,,,,,,,,,,,,,,,,,,,,,,,,,,,,,,,,,,,,,,,,,,,,,,,,,,,,,,,,,,,,,,,,,,,,,,,,,,,,,,,,,,,,,
"G720","2013",,,"Puerto Rico","72",,,,,,,,,,,,,,,,,,"Puerto Rico",2596735,1242483,76429,77889,89327,56185,40137,96881,73825,72223,159940,157030,142432,117160,61905,21120,1354252,66783,71210,81855,53422,39082,93616,79512,78605,170890,180230,176605,146078,81875,34489,280579,135521,5884,6595,8113,5417,5266,8279,8531,8354,19894,19276,18246,13207,6457,2002,145058,5702,7003,10348,5098,4282,9713,6932,10160,20628,19400,18449,15483,8582,3278,,,,,,,,,,,,,,,,,,,,,,,,,,,,,,,,,,,,,,,,,,,,,,,,,,,,,,,,,,,,,,,"Puerto Rico",21672,12151,3167,3880,3864,2691,2901,3747,3121,3342,4064,3764,3365,2541,2171,1777,12945,2801,4151,4013,2642,2897,3604,2901,2599,4136,3386,3146,2385,2954,2476,12353,7238,1254,1568,1562,1083,1128,1498,1582,1642,2298,2205,2088,1780,1078,621,7713,1184,1302,1927,1027,1300,1837,1312,1587,2100,2202,1815,1929,1252,935,,,,,,,,,,,,,,,,,,,,,,,,,,,,,,,,,,,,,,,,,,,,,,,,,,,,,,,,,,,,,,
